{"cameraMode":{"drawMode":0,"name":"Shaded","section":"Shading Mode"},"sceneLighting":false,"audioPlay":false,"sceneViewState":{"showFog":true,"showMaterialUpdate":false,"showSkybox":true,"showFlares":true,"showImageEffects":true,"showParticleSystems":true},"in2DMode":false,"pivot":{"x":14.614449501037598,"y":5.810875415802002,"z":-6.637911319732666},"rotation":{"x":-0.05214367061853409,"y":-0.7051852941513062,"z":0.052144262939691547,"w":-0.7051786780357361},"size":6.76809024810791,"orthographic":false}