{"cameraMode":{"drawMode":0,"name":"Shaded","section":"Shading Mode"},"sceneLighting":false,"audioPlay":false,"sceneViewState":{"showFog":true,"showMaterialUpdate":false,"showSkybox":false,"showFlares":true,"showImageEffects":true,"showParticleSystems":true},"in2DMode":false,"pivot":{"x":-2.7370758056640627,"y":1.4799997806549073,"z":-2.060213088989258},"rotation":{"x":-0.12101463228464127,"y":-0.8402152061462402,"z":0.2096656858921051,"w":-0.48531779646873476},"size":40.010372161865237,"orthographic":false}